tpr,f1,acc,auc
0.7666936101420914,0.9189872719246616,0.9250503585186194,0.9997915134474057
