tpr,f1,acc,auc
0.999957457670382,0.9956912113100896,0.9957096881919644,0.9999969193735073
