tpr,f1,acc,auc
1.0,0.9988052670473059,0.9988067104986078,0.9999998191667308
