tpr,f1,acc,auc
0.9998766272441079,0.9946044434749695,0.9946333878573753,0.9999967205148245
