train_tpr,train_f1,train_acc,train_auc,val_tpr,val_f1,val_acc,val_auc
1.0,1.0,1.0,1.0,0.07706968433591424,0.07652652079275976,0.5199019843489766,0.7729610883575831
