tpr,f1,acc,auc
0.7782310899344849,0.9254023274784584,0.9305573576614078,0.999817666332277
