train_tpr,train_f1,train_acc,train_auc,val_tpr,val_f1,val_acc,val_auc
1.0,1.0,1.0,0.9999999999999999,0.8888888888888888,0.9,0.9994725738396625,0.9999706288366081
