tpr,f1,acc,auc
0.9997830341189483,0.9993657253292694,0.999366131423503,0.9999999516245667
