train_tpr,train_f1,train_acc,train_auc,val_tpr,val_f1,val_acc,val_auc
1.0,0.9999973196600257,0.99999779276734,1.0,0.9277971581723815,0.9949595782975431,0.9949843553577847,0.9999910002510572
