tpr,f1,acc,auc
1.0,0.9999106535057862,0.9999106628180776,0.9999999677316135
