train_tpr,train_f1,train_acc,train_auc,val_tpr,val_f1,val_acc,val_auc
1.0,1.0,1.0,1.0,0.06459201905896367,0.009096529936392048,0.5022940512072218,0.921995818889772
