tpr,f1,acc,auc
1.0,0.9998553363854519,0.9998553588483161,0.9999979824928762
