tpr,f1,acc,auc
1.0,0.9999723482503887,0.9999723480151193,0.9999986994555253
