{
    "tpr": 1.0,
    "f1": 0.9999468249157175,
    "acc": 0.9999468231059986,
    "auc": 0.9999468241239806,
    "misclassified": 25,
    "misclassified_malicious": 0,
    "misclassified_benign": 25
}