{
    "tpr": 0.9584318897302816,
    "f1": 0.9999213002056829,
    "acc": 0.9999212981968779,
    "auc": 0.9999212990519702,
    "misclassified": 37,
    "misclassified_malicious": 8,
    "misclassified_benign": 29
}