tpr,f1,acc,auc
0.9994256785501574,0.9996574548255253,0.9996575408026308,0.999999808470928
