train_tpr,train_f1,train_acc,train_auc,val_tpr,val_f1,val_acc,val_auc
1.0,1.0,1.0,1.0,0.2222222222222222,0.19999999999999998,0.9978902953586498,0.848591652715364
