tpr,f1,acc,auc
1.0,0.9999829831405466,0.9999829833939196,0.9999977548496337
