tpr,f1,acc,auc
0.9996128648004765,0.9997787431761417,0.999778784120954,0.9999999311378514
