tpr,f1,acc,auc
1.0,0.9999744752537585,0.9999744750908793,0.9999988015271465
