tpr,f1,acc,auc
1.0,0.9999829827785719,0.9999829833939196,0.9999999997466307
