tpr,f1,acc,auc
0.9932783119203608,0.93524241346744,0.9391805227926803,0.9999928515660367
