tpr,f1,acc,auc
1.0,0.9996084773172185,0.9996086180601494,0.99999990748402
