train_tpr,train_f1,train_acc,train_auc,val_tpr,val_f1,val_acc,val_auc
1.0,0.9999981239083492,0.9999981239118689,1.0,0.827159023228112,0.976097665079856,0.9766532164576106,0.9999790063469355
