tpr,f1,acc,auc
0.9526844209988939,0.9934554337650592,0.9934124463711024,0.9999821583511713
