{
    "tpr": 0.9987705266740406,
    "f1": 0.9980201395918803,
    "acc": 0.9980239466189067,
    "auc": 0.9980239101737274,
    "misclassified": 929,
    "misclassified_malicious": 912,
    "misclassified_benign": 17
}