{
    "tpr": 0.9966391559601804,
    "f1": 0.9963709797927616,
    "acc": 0.9963839712079026,
    "auc": 0.9963839030411942,
    "misclassified": 1700,
    "misclassified_malicious": 1687,
    "misclassified_benign": 13
}