tpr,f1,acc,auc
0.9697864375053178,0.9906743847132883,0.9907578558225508,0.9999822960392734
