tpr,f1,acc,auc
1.0,0.9999000099990001,0.9999,0.9999973912
