train_tpr,train_f1,train_acc,train_auc,val_tpr,val_f1,val_acc,val_auc
1.0,0.9999981238379522,0.9999981238766712,1.0,0.1,0.0,0.5000074447651602,0.8782001610659778
