{
    "tpr": 1.0,
    "f1": 0.9999744752537585,
    "acc": 0.9999744750908793,
    "auc": 0.9999744755795107,
    "misclassified": 12,
    "misclassified_malicious": 0,
    "misclassified_benign": 12
}