{
    "tpr": 1.0,
    "f1": 0.9999276734242379,
    "acc": 0.9999276794241581,
    "auc": 0.9999276782025297,
    "misclassified": 34,
    "misclassified_malicious": 32,
    "misclassified_benign": 2
}