tpr,f1,acc,auc
0.9383731813154088,0.8968248939949643,0.9064746059060386,0.999981391158064
