train_tpr,train_f1,train_acc,train_auc,val_tpr,val_f1,val_acc,val_auc
1.0,1.0,1.0,1.0,0.07121160554751978,0.007805713171823155,0.5019686086159331,0.9562687099973558
