tpr,f1,acc,auc
0.7900493491023568,0.9957384799166336,0.9957203235707646,0.9999477641058829
