tpr,f1,acc,auc
1.0,0.9999468249157175,0.9999468231059986,0.9999994576268769
