tpr,f1,acc,auc
0.9997660171871011,0.9994530599910191,0.9994533415296653,0.9999999104882556
