train_tpr,train_f1,train_acc,train_auc,val_tpr,val_f1,val_acc,val_auc
1.0,1.0,1.0,1.0,1.2762753181116231e-05,0.0014707195048861042,0.5003211891229623,0.873950270547947
