tpr,f1,acc,auc
0.9991789330383731,0.9981204449558879,0.9981239191796294,0.9999995867547168
