tpr,f1,acc,auc
1.0,0.9993763688490919,0.9993767668023033,0.99999998903273
