{
    "sliding_similarity": {
        "baseline": 157,
        "malicious": 58218,
        "malicious_with_evasions": 54631,
        "f1": 0.3584013592878514,
        "accuracy": 0.6089408533359348,
        "precision": 0.9973104925053533,
        "recall": 0.2184532140592343
    },
    "default": {
        "baseline": 0,
        "malicious": 8974,
        "malicious_with_evasions": 2100,
        "f1": 0.06515291768763046,
        "accuracy": 0.5168475874930114,
        "precision": 1.0,
        "recall": 0.033673419611933916
    }
}