train_tpr,train_f1,train_acc,train_auc,val_tpr,val_f1,val_acc,val_auc
1.0,1.0,1.0,1.0,0.2222222222222222,0.0,0.999961714835076,0.8437943280010929
