train_tpr,train_f1,train_acc,train_auc,val_tpr,val_f1,val_acc,val_auc
1.0,1.0,1.0,1.0,0.0005998493995124628,0.0038463987773037,0.5009040091209203,0.8231100124118748
