tpr,f1,acc,auc
1.0,0.9999744750365858,0.9999744750908793,0.9999981166519056
