{
    "Accuracy": {
        "0.0": 0.94928,
        "0.05": 0.839,
        "0.1": 0.77856,
        "0.3": 0.51004,
        "0.5": 0.31332,
        "0.7": 0.1672,
        "0.9": 0.0534,
        "1.0": 0.00674
    },
    "Evasive Samples": {
        "0.0": 2536,
        "0.05": 8050,
        "0.1": 11072,
        "0.3": 24498,
        "0.5": 34334,
        "0.7": 41640,
        "0.9": 47330,
        "1.0": 49663
    }
}