{
    "Accuracy": {
        "0.0": 0.99918,
        "0.05": 1.0,
        "0.1": 0.99998,
        "0.3": 0.99996,
        "0.5": 1.0,
        "0.7": 1.0,
        "0.9": 1.0,
        "1.0": 1.0
    },
    "Evasive Samples": {
        "0.0": 41,
        "0.05": 0,
        "0.1": 1,
        "0.3": 2,
        "0.5": 0,
        "0.7": 0,
        "0.9": 0,
        "1.0": 0
    }
}