{
    "Accuracy": {
        "0.0": 0.99068,
        "0.05": 0.94078,
        "0.1": 0.90434,
        "0.3": 0.71378,
        "0.5": 0.54498,
        "0.7": 0.38258,
        "0.9": 0.16244,
        "1.0": 0.062
    },
    "Evasive Samples": {
        "0.0": 466,
        "0.05": 2961,
        "0.1": 4783,
        "0.3": 14311,
        "0.5": 22751,
        "0.7": 30871,
        "0.9": 41878,
        "1.0": 46900
    }
}