{
    "Accuracy": {
        "0.0": 0.99958,
        "0.05": 0.94956,
        "0.1": 0.8945,
        "0.3": 0.70036,
        "0.5": 0.51118,
        "0.7": 0.3351,
        "0.9": 0.17042,
        "1.0": 0.09106
    },
    "Evasive Samples": {
        "0.0": 21,
        "0.05": 2522,
        "0.1": 5275,
        "0.3": 14982,
        "0.5": 24441,
        "0.7": 33245,
        "0.9": 41479,
        "1.0": 45447
    }
}