{
    "Accuracy": {
        "0.0": 0.98148,
        "0.05": 0.99898,
        "0.1": 0.99882,
        "0.3": 0.99894,
        "0.5": 0.99928,
        "0.7": 0.9996,
        "0.9": 0.99974,
        "1.0": 0.99986
    },
    "Evasive Samples": {
        "0.0": 926,
        "0.05": 51,
        "0.1": 59,
        "0.3": 53,
        "0.5": 36,
        "0.7": 20,
        "0.9": 13,
        "1.0": 7
    }
}