{
    "Accuracy": {
        "0.0": 0.9943,
        "0.05": 0.8314,
        "0.1": 0.76912,
        "0.3": 0.62728,
        "0.5": 0.53872,
        "0.7": 0.47432,
        "0.9": 0.42022,
        "1.0": 0.39206
    },
    "Evasive Samples": {
        "0.0": 285,
        "0.05": 8430,
        "0.1": 11544,
        "0.3": 18636,
        "0.5": 23064,
        "0.7": 26284,
        "0.9": 28989,
        "1.0": 30397
    }
}