tpr,f1,acc,auc
0.9999957457670382,0.9991825647881268,0.999183202908138,0.9999999020184827
