train_tpr,train_f1,train_acc,train_auc,val_tpr,val_f1,val_acc,val_auc
1.0,1.0,1.0,1.0,0.07752488726282651,0.0907204269196561,0.5237668810050008,0.7521935574689724
