tpr,f1,acc,auc
0.9955713434867693,0.9978215736678988,0.9978261285732214,0.999999413685406
