tpr,f1,acc,auc
1.0,0.9999936186912786,0.9999936187727199,0.9999999470820176
