tpr,f1,acc,auc
0.9988428486343912,0.9992677797549617,0.9992682859385402,0.9999997580685407
