train_tpr,train_f1,train_acc,train_auc,val_tpr,val_f1,val_acc,val_auc
1.0,0.9999973196600257,0.99999779276734,1.0,1.0,0.38297872340425526,0.9998766366908005,0.9999891284875693
