train_tpr,train_f1,train_acc,train_auc,val_tpr,val_f1,val_acc,val_auc
1.0,0.9999981238379522,0.9999981238766712,1.0,0.8325356612595136,0.9282757551720051,0.9330692917673484,0.9999170846976885
