tpr,f1,acc,auc
0.9633965795966987,0.9993806995328645,0.9993810209538233,0.9999441945038416
